{"chosen_point": 0, "chosen_normal": [0, 0, 0], "chosen_axis": "x", "user_input": [[199.69183614408365, 226.79865897533742], [183.74664803234808, 271.44518568819706], [219.6233212837531, 319.28075002340375], [256.29725394074495, 259.4862946043953]]}