{"chosen_point": 0, "chosen_normal": [0, 0, 0], "chosen_axis": "x", "user_input": [[[65.0, 166.70671650780218, 326.6583657773534]], [[65.0, 476.4003490396089, 118.44276672070673]], [[65.0, 309.02347070773567, 241.26831325739343]]]}